<deck name="Geometria"><fields><tex name='Equation' sides='10'></tex><text name='Front' sides='10' fontSizePx='14'></text><tex name='Equation Back' sides='01'></tex><text name='Back' sides='01' fontSizePx='14'></text></fields><cards><card><tex name='Equation'></tex><text name='Front'>Definizione del prodotto tra matrici</text><tex name='Equation Back'></tex><text name='Back'>Pagina 52</text></card><card><tex name='Equation'></tex><text name='Front'>Definizione di vettori g-ortonormali</text><tex name='Equation Back'>(V,g)\ \text{spazio con prodotto scalare,}\ v,w\in V\ \text{sono g-ortogonali se }<v,w>_g=0</tex><text name='Back'></text></card><card><tex name='Equation'></tex><text name='Front'>Per ogni A' simile ad A, cosa possiamo dire sul numero di pivot di A'? E questo numero, come si chiama?</text><tex name='Equation Back'></tex><text name='Back'>Pagina 30</text></card><card><tex name='Equation'></tex><text name='Front'>Definizione di minore principale di una matrice</text><tex name='Equation Back'>A\ \text{matrice }n\times n.\ \text{L'i-esimo minore principale di A è la sottomatrice } i\times i\ \text{formata dalle prime } i\ \text{righe e } i\ \text{colonne}</tex><text name='Back'></text></card><card><tex name='Equation'></tex><text name='Front'>Possiamo scrivere un prodotto scalare a partire da una matrice?</text><tex name='Equation Back'>g:\mathbb{R}^n\times\mathbb{R}^n\rightarrow\mathbb{R}\ \text{dato da } g(X,Y)=X^TAY\ \text{dove } A\in\mathbb{M}_{n,n}(\mathbb{K})\ \text{simmetrica, è un prodotto scalare}</tex><text name='Back'></text></card><card><tex name='Equation'>\text{Si dimostri: } T^B_B\ \text{diagonale}\iff\text{B base di autovettori}</tex><text name='Front'></text><tex name='Equation Back'></tex><text name='Back'>Pagina 68</text></card><card><tex name='Equation'></tex><text name='Front'>Definzione di nucleo di g prodotto scalare</text><tex name='Equation Back'>(V,g) \ \text{spazio con prodotto scalare}. V^{\bot_g}=\{v\in V/<v,w>_g=0\ \forall w\in V\}\ \text{è il nucleo di g}</tex><text name='Back'></text></card><card><tex name='Equation'></tex><text name='Front'>Formula di Cramer (con dimostrazione)</text><tex name='Equation Back'></tex><text name='Back'>Pagina 64</text></card><card><tex name='Equation'>\Pi^{W}_{W'}</tex><text name='Front'>A cosa è uguale l'immagine e il nucleo della proiezione riportata sopra?</text><tex name='Equation Back'>Im(\Pi^{W}_{W'})=W \\
Ker(\Pi^{W}_{W'})=W'</tex><text name='Back'></text></card><card><tex name='Equation'></tex><text name='Front'>Se v appartiene allo Span{v1,...,vs} allora quando è possibile avere una scrittura diversa di v? (con dimostrazione)</text><tex name='Equation Back'></tex><text name='Back'>Pagina 21</text></card><card><tex name='Equation'></tex><text name='Front'>Quando g è degenere?</text><tex name='Equation Back'>\text{Diciamo che g è degenere se } V^{\bot_g}\neq \{0_v\}</tex><text name='Back'></text></card><card><tex name='Equation'></tex><text name='Front'>Definizione di sottospazio vettoriale</text><tex name='Equation Back'></tex><text name='Back'>Pagina 15</text></card><card><tex name='Equation'></tex><text name='Front'>Cosa si può dedurre dal teorema di Grassman? (con dimostrazione)</text><tex name='Equation Back'></tex><text name='Back'>Pagina 34</text></card><card><tex name='Equation'>\text{Si dimostri che preso }\alpha\in Sp(T)(\text{risp. }\alpha\in Sp(A))\Rightarrow m_a(\alpha)\geq m_g(\alpha)</tex><text name='Front'></text><tex name='Equation Back'></tex><text name='Back'>Pagina 72</text></card><card><tex name='Equation'></tex><text name='Front'>- Definizione di vettori linearmente dipendenti e indipendenti
- Che osservazione si può fare sui vettori linearmente dipendenti? (con dimostrazione)</text><tex name='Equation Back'></tex><text name='Back'>Pagine 20-21</text></card><card><tex name='Equation'></tex><text name='Front'>Quando un'applicazione lineare T è iniettiva? (con dimostrazione)
Quando è suriettiva? (con dimostrazione)</text><tex name='Equation Back'></tex><text name='Back'>Pagina 44</text></card><card><tex name='Equation'></tex><text name='Front'>Algoritmo di Gram-Scmidt (con dimostrazione)</text><tex name='Equation Back'></tex><text name='Back'>Pagina 82</text></card><card><tex name='Equation'></tex><text name='Front'>Sappiamo che, preso un sistema S compatibile, V(S)=v0+V(S0). Quale conseguenza (corollario) possiamo riscontrare?</text><tex name='Equation Back'></tex><text name='Back'>Pagina 10</text></card><card><tex name='Equation'>T,F:V\rightarrow W\ \text{lineari}</tex><text name='Front'>quando T=F?</text><tex name='Equation Back'></tex><text name='Back'>Se T,F sono uguali su una base B allora T=F</text></card><card><tex name='Equation'>1) w_1,\dots,w_s\in V\ \text{sono indipendenti }\iff(w_1)_B,\dots,(w_s)_B\ \text{lo sono}\\
2)Span\{w_1,\dots,w_s\}=W\iff Span\{(w_1)_B,\dots,(w_s)_B\}=\phi_B(W) \\
3)a_1w_1+\dots+a_sw_s=v\iff a_1(w_1)_B+\dots+a_s(w_s)_B=(v)_B</tex><text name='Front'></text><tex name='Equation Back'></tex><text name='Back'>Pagina 28</text></card><card><tex name='Equation'>T\in Hom_{\mathbb{K}}(V,W)</tex><text name='Front'>presa T come sopra, cos'è la matrice associata a T?</text><tex name='Equation Back'></tex><text name='Back'>Pagina 48</text></card><card><tex name='Equation'>L_A•L_B=L_{AB}</tex><text name='Front'>sì dimostri </text><tex name='Equation Back'></tex><text name='Back'>pagina 53</text></card><card><tex name='Equation'></tex><text name='Front'>Definire quando un prodotto scalare è "definito positivo", "semidefinito positivo", "indefinito"</text><tex name='Equation Back'>(V,g)\ \text{spazio con prodotto scalare. g è: } \\
\text{- Definito positivo (risp. negativo) se }<v,v>_g>0,\ \forall v\neq 0_v(\text{risp. }<0) \\
\text{- Semidefinito positivo (risp. negativo) se } <v,v>_g\geq0,\ \forall v(\text{risp.}\leq 0) \\
\text{- Indefinito altrimenti (cioè se esiste } v_+\in V\ \text{con }<v_+,v_+>\ >0\ \text{e } v_-\in V\ \text{con } <v_-,v_->\ <0</tex><text name='Back'></text></card><card><tex name='Equation'></tex><text name='Front'>Cos'è il prodotto scalare canonico?</text><tex name='Equation Back'>\text{Si definisce come }v\bullet w=v^Tw.\ \text{Ovvero } g(\begin{pmatrix} 
x_1 \\
.\\
.\\
x_n
\end{pmatrix},
\begin{pmatrix}
y_1 \\
.\\
.\\
y_n
\end{pmatrix})=(x_1\dots x_n)\begin{pmatrix}
y_1 \\
.\\
.\\
y_n
\end{pmatrix}=x_1y_1+x_2y_2+\dots +x_ny_n</tex><text name='Back'></text></card><card><tex name='Equation'></tex><text name='Front'>- Qual è il criterio per dire se dei vettori indipendenti sono una base? (Con dimostrazione)
- Cosa possiamo dedurre da questo?</text><tex name='Equation Back'></tex><text name='Back'>Pagina 25</text></card><card><tex name='Equation'>B=\{v_1,\dots,v_n\}</tex><text name='Front'>L'applicazione lineare T, quando è iniettiva e/o bigettiva? Data B come sopra (con dimostrazione)</text><tex name='Equation Back'></tex><text name='Back'>Pagina 44-45</text></card><card><tex name='Equation'>T:V\rightarrow W</tex><text name='Front'>Quando l'applicazione lineare T si dice invertibile?</text><tex name='Equation Back'></tex><text name='Back'>Pagina 45</text></card><card><tex name='Equation'></tex><text name='Front'>Definizione di applicazione lineare</text><tex name='Equation Back'></tex><text name='Back'>Pagina 39</text></card><card><tex name='Equation'>End_{\mathbb{K}}(V),\ GL(V),\ GL_n(A)</tex><text name='Front'>si dia la definizione </text><tex name='Equation Back'>End_{\mathbb{K}}(V)=Hom_{\mathbb{K}}(V,V)\\
GL(V)=\{T\in End_{\mathbb{K}}(V)/T\ \text{invertibile}\} \\
GL_n(A)=\{A\in M_{n,n}(\mathbb{K})/A\ \text{invertibile}\}</tex><text name='Back'></text></card><card><tex name='Equation'></tex><text name='Front'>Teorema di Rouché-Capelli e il corollario (con dimostrazione)</text><tex name='Equation Back'></tex><text name='Back'>Pagina 36-37</text></card><card><tex name='Equation'>\text{Si dimostri: } (V,g) \text{ spazio metrico } W\sube V \text{ allora } V=W \oplus W^{\bot_g}</tex><text name='Front'></text><tex name='Equation Back'></tex><text name='Back'>Pagina 81</text></card><card><tex name='Equation'></tex><text name='Front'>Isomorfismo coordinato: 
- Definizione
- Proprietà (con dimostrazione)</text><tex name='Equation Back'></tex><text name='Back'>Pagina 27-28</text></card><card><tex name='Equation'></tex><text name='Front'>Se W e W' sono in somma diretta, come si chiamano? </text><tex name='Equation Back'></tex><text name='Back'>Si dicono supplementari</text></card><card><tex name='Equation'></tex><text name='Front'>Teorema della dimensione (con dimostrazione)</text><tex name='Equation Back'></tex><text name='Back'>Pagina 41</text></card><card><tex name='Equation'></tex><text name='Front'>Utilizzando i minori principali di una matrice, dire quando g è definito positivo o negativo</text><tex name='Equation Back'>(V,g)\text{ spazio con prodotto scalare, B base. g definito positivo }\iff\text{ i determinanti dei minori principali sono tutti } >0.\text{ g definito negativo se il segno dell'i-esimo minore principale è }(-1)^i</tex><text name='Back'></text></card><card><tex name='Equation'></tex><text name='Front'>Definizione di minore</text><tex name='Equation Back'></tex><text name='Back'>Un minore di A è una matrice m-s,n-s' ottenuta rimuovendo s righe e s' colonne </text></card><card><tex name='Equation'></tex><text name='Front'>Definizione di autovettore e autovalore</text><tex name='Equation Back'>T\in End_{\mathbb{K}}(V), v\in V\ \text{è un autovettore se e solo se } Tv=\lambda v\ \text{per qualche }\lambda\in\mathbb{K}.\ \text{Se } v\neq0_v\ \text{allora }\lambda\ \text{è un autovalore per T (stessa cosa se A matrice n,n)}</tex><text name='Back'></text></card><card><tex name='Equation'></tex><text name='Front'>Sull'immagine e nucleo di un'applicazione lineare, oltre alla definizione, cosa possiamo dire? (con dimostrazione)</text><tex name='Equation Back'></tex><text name='Back'>Pagina 40</text></card><card><tex name='Equation'>\text{Se } det(A)\neq 0,\ \text{quanto vale } det(A^{-1})? </tex><text name='Front'>(con dimostrazione)</text><tex name='Equation Back'></tex><text name='Back'>Pagina 64</text></card><card><tex name='Equation'></tex><text name='Front'>Definizione di proiezione ortogonale su W</text><tex name='Equation Back'>(V,g) \text{ spazio metrico. Allora } \Pi_w^{\bot_g}=Pr_w^{W^{\bot_g}} \text{ è la proiezione ortogonale su W}</tex><text name='Back'></text></card><card><tex name='Equation'></tex><text name='Front'>Assiomi del determinante e le conseguenze (con dimostrazione)</text><tex name='Equation Back'></tex><text name='Back'>Pagina 61</text></card><card><tex name='Equation'></tex><text name='Front'>La definizione di base a cosa è equivalente? (con dimostrazione)</text><tex name='Equation Back'></tex><text name='Back'>Pagina 22</text></card><card><tex name='Equation'></tex><text name='Front'>Quale osservazione si può fare sul prodotto matrice-vettore? </text><tex name='Equation Back'></tex><text name='Back'>Che si tratta di una combinazione lineare delle colonne della matrice </text></card><card><tex name='Equation'>A=(v_1,\dots,v_s)</tex><text name='Front'>Preso A come scritto, se A' simile ad A è a scala, cosa possiamo dire sulle colonne di A? (con dimostrazione)</text><tex name='Equation Back'></tex><text name='Back'>Pagina 29</text></card><card><tex name='Equation'></tex><text name='Front'>Dimostrare che matrici simili hanno lo stesso determinante</text><tex name='Equation Back'></tex><text name='Back'>Pagina 64</text></card><card><tex name='Equation'></tex><text name='Front'>Quali sono le proprietà del prodotto matrice-vettore?</text><tex name='Equation Back'></tex><text name='Back'>Pagina 34</text></card><card><tex name='Equation'></tex><text name='Front'>Cos'è la proiezione di W lungo W'?</text><tex name='Equation Back'></tex><text name='Back'>Pagina 45</text></card><card><tex name='Equation'></tex><text name='Front'>W è sottospazio di V, cosa possiamo dire se dim(W)=dim(V)? (con dimostrazione)</text><tex name='Equation Back'></tex><text name='Back'>Pagina 31</text></card><card><tex name='Equation'></tex><text name='Front'>Teorema dello sviluppo di Laplace </text><tex name='Equation Back'></tex><text name='Back'>Pagina 62</text></card><card><tex name='Equation'></tex><text name='Front'>Qual è la notazione vettoriale di V(S)?</text><tex name='Equation Back'>V(S)=\{v_0+\sum_{x_j\in VL}(x_jv_j)\} = \{ \begin{pmatrix}
\alpha_{0,1} \\
 .\\
 .\\
 \alpha_{0,n}\\
\end{pmatrix} +x_{j1} \begin{pmatrix}
\alpha_{1,1} \\
 .\\
 .\\
 \alpha_{1,n}\\
\end{pmatrix}+\dots+x_{j_{n-r}}  \begin{pmatrix}
\alpha_{n-r,1} \\
 .\\
 .\\
 \alpha_{n-r,n}\\
\end{pmatrix}\}</tex><text name='Back'></text></card><card><tex name='Equation'></tex><text name='Front'>Quando W, sottoinsieme di V, è un sottospazio vettoriale?</text><tex name='Equation Back'></tex><text name='Back'>Pagina 15</text></card><card><tex name='Equation'></tex><text name='Front'>Teorema di Binet (con dimostrazione)</text><tex name='Equation Back'></tex><text name='Back'>Pagina 63</text></card><card><tex name='Equation'></tex><text name='Front'>A quanto equivale la dim(Ker(A))? Come si arriva?</text><tex name='Equation Back'>dim(Ker(A))=n-dim(Im(A))</tex><text name='Back'></text></card><card><tex name='Equation'></tex><text name='Front'>Criterio di diagonalizzabilità (con dimostrazione)</text><tex name='Equation Back'></tex><text name='Back'>Pagina 72</text></card><card><tex name='Equation'></tex><text name='Front'>Definizione di spazio vettoriale</text><tex name='Equation Back'></tex><text name='Back'>Pagina 13</text></card><card><tex name='Equation'></tex><text name='Front'>Definizione di base ortogonale e ortonormale. Si può fare un'osservazione?</text><tex name='Equation Back'>(V,g) \text{ spazio con prodotto scalare. } B=\{v_1,\dots,v_n\} \text{ base è: }\\
\text{- Ortogonale se } <v_i,v_j>_g=0 \text{ per } i\neq j \\
\text{- Ortonormale se }  <v_i,v_j>_g = \begin{cases}
0,\ i\neq j \\
1,\ i=j
\end {cases} \\</tex><text name='Back'></text></card><card><tex name='Equation'></tex><text name='Front'>Proprietà del prodotto tra matrici (con dimostrazione)</text><tex name='Equation Back'></tex><text name='Back'>Pagina 53</text></card><card><tex name='Equation'></tex><text name='Front'>Se A è una matrice m,n allora a cosa equivale n?</text><tex name='Equation Back'>n=dim(Ker(A))+dim(Im(A))</tex><text name='Back'></text></card><card><tex name='Equation'></tex><text name='Front'>Definizione di polinomio caratteristico</text><tex name='Equation Back'>\text{Il polinomio caratteristico di }T\in End_{\mathbb{K}}(V)\ \text{(o } A\in\mathbb{M}_{n,n}(\mathbb{K}))\ \text{è } P_T(\lambda)=det(T-\lambda Id_v)\ (P_A(\lambda)=det(A-\lambda In))</tex><text name='Back'></text></card><card><tex name='Equation'>\psi_B(\phi_B(v))=v \\
\phi_B(\psi_B(X))=X </tex><text name='Front'>(con dimostrazione)</text><tex name='Equation Back'></tex><text name='Back'>Pagina 28</text></card><card><tex name='Equation'>\text{Si dimostri: siano } T,F\in End_{\mathbb{K}}(V)(\text{risp. }A,B\in\mathbb{M}_{n,n}(\mathbb{K}))\text{ t.c }P_T(\lambda)=P_F(\lambda).\ \text{Allora se T è diagonalizzabile, }T\sim F\iff\text{anche F è diagonalizzabile}</tex><text name='Front'></text><tex name='Equation Back'></tex><text name='Back'>Pagina 73</text></card><card><tex name='Equation'>\text{Quanti elementi contiene } Sp(T)?</tex><text name='Front'></text><tex name='Equation Back'>Sp(T)\ \text{contiene al più } n\ \text{elementi distinti}</tex><text name='Back'></text></card><card><tex name='Equation'></tex><text name='Front'>Inversa del prodotto/composizione (con dimostrazione)</text><tex name='Equation Back'></tex><text name='Back'>Pagina 57</text></card><card><tex name='Equation'>\text{Quando } g(X,Y)=\sum_{i,j}(a_{i,j}x_iy_j)\ \text{è un prodotto scalare?}</tex><text name='Front'></text><tex name='Equation Back'>\text{è un prodotto scalare se e solo se } a_{i,j}=a{j,i}</tex><text name='Back'></text></card><card><tex name='Equation'></tex><text name='Front'>Formula del cambio di base (con dimostrazione)</text><tex name='Equation Back'></tex><text name='Back'>Pagina 54</text></card><card><tex name='Equation'></tex><text name='Front'>Definizione di orlato</text><tex name='Equation Back'></tex><text name='Back'>A' minore di A. Un orlato di A' è un minore di A ottenuto aggiungendo una riga e una colonna di A'</text></card><card><tex name='Equation'></tex><text name='Front'>Considerando una matrice A, il numero di colonne indipendenti è uguale al numero di righe indipendenti? (con dimostrazione)</text><tex name='Equation Back'></tex><text name='Back'>Pagina 31</text></card><card><tex name='Equation'>T^{B}_{B'}\cdot v_B=(T(v))_B</tex><text name='Front'>Dimostrare quanto detto </text><tex name='Equation Back'></tex><text name='Back'>Pagina 48</text></card><card><tex name='Equation'></tex><text name='Front'>Quale relazione c'è tra il rango di A e Im(A)?</text><tex name='Equation Back'>r_k(A)=dim(Im(A))</tex><text name='Back'></text></card><card><tex name='Equation'></tex><text name='Front'>Che cos'è il termine di testa e a cosa serve?</text><text name='Back'>Pagina 6</text></card><card><tex name='Equation'></tex><text name='Front'>Somma e composizione di applicazioni lineari (con dimostrazione)</text><tex name='Equation Back'></tex><text name='Back'>Pagina 47</text></card><card><tex name='Equation'></tex><text name='Front'>Criterio degli orlati</text><tex name='Equation Back'></tex><text name='Back'>Pagina 66</text></card><card><tex name='Equation'>\text{Si dimostri che }P_T(\lambda)/P_A(\lambda)\ \text{dipende solo dalla classe di coniugio/similitudine di T/A}</tex><text name='Front'></text><tex name='Equation Back'></tex><text name='Back'>Pagina 69</text></card><card><tex name='Equation'>\text{Si dimostri che }\alpha\in Sp(T)\iff P_T(\alpha)=0</tex><text name='Front'></text><tex name='Equation Back'></tex><text name='Back'>Pagina 69</text></card><card><tex name='Equation'></tex><text name='Front'>Se V è generato da un numero finito di elementi, cosa succede? (con dimostrazione)</text><tex name='Equation Back'></tex><text name='Back'>Pagina 24</text></card><card><tex name='Equation'></tex><text name='Front'>Quando W e W' sono in somma diretta?</text><tex name='Equation Back'>W\cap W'=\{0\}</tex><text name='Back'></text></card><card><tex name='Equation'></tex><text name='Front'>Prendiamo un'applicazione lineare T. "T invertibile" a cosa è equivalente?</text><tex name='Equation Back'>T\ \text{invertibile} \\
T\ \text{bigettiva} \\
T\ \text{manda una base di V in una base di V} \\
Ker(T)=\{0_v\}\ e\ r_k(T)=dim(W) \\
dim(V)=dim(W)\ e\ Ker(T)=\{0_v\}\\
dim(V)=dim(W)=r_k(T)</tex><text name='Back'></text></card><card><tex name='Equation'>dim(Hom_{\mathbb{K}}(V,W))</tex><text name='Front'>a cosa è uguale?</text><tex name='Equation Back'>dim(Hom_{\mathbb{K}}(V,W))=dim(V)\cdot dim(W)</tex><text name='Back'></text></card><card><tex name='Equation'>\text{Si dimostri: }g,g'\ \text{prodotti scalari su V}.\ B=\{v_1,\dots,v_n\}\ \text{base di } V.\ \text{Allora se }\forall i,j\ g(v_i,v_j)=g'(v_i,v_j)\ \text{allora i due prodotti sono uguali, cioè }g(v,w)=g'(v,w)\ \forall v,w\in V</tex><text name='Front'></text><tex name='Equation Back'></tex><text name='Back'>Pagina 76</text></card><card><tex name='Equation'></tex><text name='Front'>Quando una matrice A è simmetrica?</text><tex name='Equation Back'>\text{Quando } A^T=A</tex><text name='Back'></text></card><card><tex name='Equation'>\text{Si dimostri che sono equivalenti} \\
\text{i) T (rispettivamente A) diagonalizzabile} \\
\text{ii) Esiste B base di V formata da autovettori per T (rispettivamnete A)}</tex><text name='Front'></text><tex name='Equation Back'></tex><text name='Back'>Pagina 68</text></card><card><tex name='Equation'>\text{Se } dim(W)=d\ \text{e } dim(V)=n,\ \text{quando } dim(W^{\bot_g})=n-d?</tex><text name='Front'></text><tex name='Equation Back'>dim(W^{\bot_g})=n-d\ \text{se g non è degenere}</tex><text name='Back'></text></card><card><tex name='Equation'>\text{Si dimostri: }(V,g)\ \text{spazio con prodotto scalare, B base di V. Esiste un'unica matrice simmetrica }A_{g,b}\ \text{t.c.} g(v,w)=v^T_B\cdot A_{g,B}\cdot w_B,\ \forall v,w\in V.\ \text{Abbiamo }A_{g,B}=(<v_i,v_j>_g)_{i\leq n,\ j\leq n}</tex><text name='Front'></text><tex name='Equation Back'></tex><text name='Back'>Pagina 77</text></card><card><tex name='Equation'>T:K^n\rightarrow K^m,\ T
\begin{pmatrix} 
x_1 \\
.\\
.\\
x_n
\end{pmatrix}
= 
\begin{pmatrix}
f_1(x_1,\dots,x_n) \\
.\\
.\\
f_m(x_1,\dots,x_n)
\end{pmatrix}</tex><text name='Front'>Quando T è lineare? (con dimostrazione)</text><tex name='Equation Back'></tex><text name='Back'>Pagina 40</text></card><card><tex name='Equation'></tex><text name='Front'>Le mosse di colonna cambiano Span e dipendenza/indipendenza? (con dimostrazione)</text><tex name='Equation Back'></tex><text name='Back'>Pagina 22</text></card><card><tex name='Equation'></tex><text name='Front'>Definizione si prodotto matrice-vettore</text><tex name='Equation Back'></tex><text name='Back'>Pagina 34</text></card><card><tex name='Equation'></tex><text name='Front'>Definizione di molteplicità algebrica e geometrica</text><tex name='Equation Back'>T\in End_{\mathbb{K}}(V)\ \text{(risp. }A\in\mathbb{M}_{n,n}(\mathbb{K})),\ \alpha\in Sp(T)(\text{risp. } \alpha\in Sp(A)): \\
\text{i) La molteplicità algebrica } (m_a(\alpha))\ \text{è il massimo d per cui } (\lambda-\alpha)^d/P_T(\lambda)(\text{risp. } P_A(\lambda)) \\
\text{ii) La molteplicità geometrica }, m_g(\alpha)=dim(V_\alpha)\ \text{dove } V_\alpha=\{v\in V/T(v)=\alpha\cdot v\}</tex><text name='Back'></text></card><card><tex name='Equation'></tex><text name='Front'>Definizione di spettro</text><tex name='Equation Back'>\text{Lo spettro di T (stessa cosa per A n,n) è l'insieme }sp(T)\subset\mathbb{K}\ \text{dato da: }sp(T)=\{\lambda\in\mathbb{K}/\text{autovalore di T}\}</tex><text name='Back'></text></card><card><tex name='Equation'></tex><text name='Front'>Sia A una matrice m,n. Cos'è la trasposta di A e che proprietà possiede? </text><tex name='Equation Back'></tex><text name='Back'>Pagina 42</text></card><card><tex name='Equation'>Hom_{\mathbb{K}}(V,W)</tex><text name='Front'>cos'è e com'è definito?</text><tex name='Equation Back'></tex><text name='Back'>Pagina 47</text></card><card><tex name='Equation'>\text{Si dimostri: } (V,g) \text{ spazio metrico, } W\sube V. \text{ Allora } W\cap(W^{\bot_g})=\{0_v\}</tex><text name='Front'></text><tex name='Equation Back'></tex><text name='Back'>Pagina 80</text></card><card><tex name='Equation'></tex><text name='Front'>Quando due matrici sono inverse l'una dell'altra?</text><tex name='Equation Back'>AB=BA=In</tex><text name='Back'></text></card><card><tex name='Equation'></tex><text name='Front'>Cos'è il vettore delle coordinate rispetto a una base?</text><tex name='Equation Back'></tex><text name='Back'>Pagina 26</text></card><card><tex name='Equation'>(F\circ T)^{B_V}_{B_U}=F^{B_W}_{B_U}\cdot T^{B_V}_{B_W}</tex><text name='Front'>si parli di quanto detto sopra (con dimostrazione)</text><tex name='Equation Back'></tex><text name='Back'>Pagina 53</text></card><card><tex name='Equation'></tex><text name='Front'>Teorema di esistenza e unicità (con dimostrazione)</text><tex name='Equation Back'></tex><text name='Back'>Pagina 43</text></card><card><tex name='Equation'></tex><text name='Front'>Definizione di Immagine e Nucleo di una matrice (con dimostrazione)</text><tex name='Equation Back'></tex><text name='Back'>Pagina 35</text></card><card><tex name='Equation'>\text{Si dimostri: data B base di V, abbiamo } (V^{\bot_g})_B=Ker(A_{g,B})</tex><text name='Front'></text><tex name='Equation Back'></tex><text name='Back'>Pagina 79</text></card><card><tex name='Equation'></tex><text name='Front'>Cosa sono la somma e l'intersezione di sottopazi? E cos'altro possiamo dire a riguardo? (con dimostrazione)</text><tex name='Equation Back'></tex><text name='Back'>Pagina 31</text></card><card><tex name='Equation'></tex><text name='Front'>Come si possono scrivere le soluzioni di un sistema compatibile S? (con dimostrazione)</text><tex name='Equation Back'></tex><text name='Back'>Pagina 10</text></card><card><tex name='Equation'>\text{Si dimostri: se } B=\{v_1,\dots,v_n\} \text{ è base ortonormale allora g è definito positivo} </tex><text name='Front'></text><tex name='Equation Back'></tex><text name='Back'>Pagina 81</text></card><card><tex name='Equation'></tex><text name='Front'>Definizione di sottospazio generato (Span). 
Se U è finito, come si scrive Span(U)?</text><tex name='Equation Back'></tex><text name='Back'>Pagina 16</text></card><card><tex name='Equation'></tex><text name='Front'>Definizione di forma bilineare</text><tex name='Equation Back'>\text{Sia } V\ \text{un }\mathbb{R}\text{-spazio vettoriale. Una forma bilineare su }V\ \text{è un'applicazione }g:V\times V\rightarrow\mathbb{R}\ \text{tale che:}\\
i)g(\lambda v,w)=g(v,\lambda w)=\lambda g(v,w)\\
ii)g(v+v',w)=g(v,w)+g(v',w)\\
\text{in altre parole, g è bilineare. Se inoltre g è simmetrica, cioè} \\
iii)g(v,w)=g(w,v) \\
\text{allora diciamo che g è un prodotto scalare e scriviamo }g(v,w)=<v,w>_g</tex><text name='Back'></text></card><card><tex name='Equation'></tex><text name='Front'>Teorema di completamente a base (con dimostrazione)</text><tex name='Equation Back'></tex><text name='Back'>Pagina 30</text></card><card><tex name='Equation'></tex><text name='Front'>Definizione di base</text><tex name='Equation Back'></tex><text name='Back'>Pagina 21</text></card><card><tex name='Equation'></tex><text name='Front'>Quando due matrici sono simili? 
Quando due endomorfismi sono coniugati?</text><tex name='Equation Back'></tex><text name='Back'>Pagina 60</text></card><card><tex name='Equation'></tex><text name='Front'>Cos'è la dimensione di V(S)?</text><text name='Back'>Pagina 8</text></card><card><tex name='Equation'></tex><text name='Front'>Formula di Grassman (con dimostrazione)</text><tex name='Equation Back'></tex><text name='Back'>Pagina 33</text></card><card><tex name='Equation'>\text{Se } dim(W)=d\ \text{e } dim(V)=n,\ \text{quanto vale } dim(W^{\bot_g})\geq n-d\ \text{(con dimostrazione)}</tex><text name='Front'></text><tex name='Equation Back'></tex><text name='Back'>Pagina 78</text></card><card><tex name='Equation'></tex><text name='Front'>Quando una matrice n,n è diagonale?
Quando un endomorfismo è diagonalizzabile?
Quando una matrice è diagonalizzabile?</text><tex name='Equation Back'>\text{i) Una matrice n,n è diagonale se e solo se } a_{i,j}=0\ \text{quando }i\neq j  \\
\text{ii) } T\in End_{\mathbb{K}}(V)\ \text{è diagonalizzabile }\iff\text{esiste B base di V t.c. } T^B_B\ \text{è una matrice diagonale}\\
\text{iii) Una matrice } A\in\mathbb{M}_{n,n}(\mathbb{K})\ \text{è diagonalizzabile}\iff\text{esiste } P\in GL_n(\mathbb{K})\ \text{t.c }P^{-1}AP=D,\ \text{con D diagonale}</tex><text name='Back'></text></card><card><tex name='Equation'></tex><text name='Front'>Definizione di matrice a scala ridotta</text><tex name='Equation Back'></tex><text name='Back'>Matrice a scala ridotta se:
- È a scala
- Tutti i pivot sono uguali a 1
- Tutti i termini sopra a un pivot sono pari a 0</text></card><card><tex name='Equation'></tex><text name='Front'>Calcolare l'inversa con Cramer (con dimostrazione)</text><tex name='Equation Back'></tex><text name='Back'>Pagina 65</text></card><card><tex name='Equation'></tex><text name='Front'>Definizione di somma e intersezione di sottospazi</text><tex name='Equation Back'>W+W'=\{w+w'/w\in W,w'\in W'\}\subseteq V \\
W\cap W'=\{v\in V/ v\in W, v\in W'\}\subseteq V</tex><text name='Back'></text></card><card><tex name='Equation'>A=(v_1,\dots,v_s)</tex><text name='Front'>Considerando A come detto, otteniamo A' con mosse di riga. cosa possiamo dire sui vettori di A sfruttando A'? (con dimostrazione)</text><tex name='Equation Back'></tex><text name='Back'>Pagina 29</text></card><card><tex name='Equation'></tex><text name='Front'>In base a se T è iniettiva, suriettiva o bigettiva, cosa possiamo dire su dim(V) e dim(W)?</text><tex name='Equation Back'>\text{Se T iniettiva}\Rightarrow dim(V)\leq dim(W)\\
\text{Se T suriettiva}\Rightarrow dim(V)\geq dim(W) \\
\text{Se T bigettiva}\Rightarrow dim(V)=dim(W)</tex><text name='Back'></text></card><card><tex name='Equation'></tex><text name='Front'>Similitudine e coniugio sono relazioni di equivalenza. cioè? (con dimostrazione)</text><tex name='Equation Back'></tex><text name='Back'>Pagina 60</text></card><card><tex name='Equation'></tex><text name='Front'>Quando la matrice A è invertibile? (con dimostrazione )</text><tex name='Equation Back'></tex><text name='Back'>Pagina 56</text></card><card><tex name='Equation'></tex><text name='Front'>Che cos'è lo Span(U)? U è un sottoinsieme di V K-spazio vettoriale (con dimostrazione)</text><tex name='Equation Back'></tex><text name='Back'>Pagina 17</text></card><card><tex name='Equation'></tex><text name='Front'>Definizione di sottospazio ortogonale</text><tex name='Equation Back'>(V,g)\ \text{spazio con prodotto scalare}.\ W,W'\sub V.\ W\bot_gW'\ \text{se }\forall w\in W,w'\in W', w\bot_gw'.\ \text{Il sottospazio ortogonale a W è: } W^{\bot_g}=\{v\in V/<w,v>=0\ \forall w\in W\}</tex><text name='Back'></text></card><card><tex name='Equation'>\text{Si dimostri: } B=\{w_1,\dots,w_d\}.\ \text{Allora } v\in W^{\bot_g}\iff<w_1,v>_g=\dots=<w_d,v>_g=0</tex><text name='Front'></text><tex name='Equation Back'></tex><text name='Back'>Pagina 78</text></card><card><tex name='Equation'></tex><text name='Front'>Definizione di immagine e nucleo di un'applicazione lineare</text><tex name='Equation Back'></tex><text name='Back'>Pagina 40</text></card><card><tex name='Equation'>\text{Si dimostri che sono equivalenti:} \\
\text{i) } (V,g) \text{ spazio metrico} \\
\text{ii) Esiste } U =\{u_1,\dots,u_n\} \text{ base ortogonale per g}</tex><text name='Front'></text><tex name='Equation Back'>\text{Abbiamo visto che  se esiste una base ortogonale}\Rightarrow \text{ metrico } \Rightarrow \text{ esiste una base ortonormale}</tex><text name='Back'></text></card><card><tex name='Equation'>\text{Dato (V,g) spazio metrico, si dia la definizione di distanza } d(v,v')</tex><text name='Front'></text><tex name='Equation Back'>d(v,v')=||v-v'||_g=||v'-v||_g</tex><text name='Back'></text></card><card><tex name='Equation'></tex><text name='Front'>Teorema di Pitagora (con dimostrazione)</text><tex name='Equation Back'></tex><text name='Back'>Pagina 85</text></card><card><tex name='Equation'></tex><text name='Front'>Teorema di Cauchy-Schwartz (con dimostrazione)</text><tex name='Equation Back'></tex><text name='Back'>Pagina 85</text></card><card><tex name='Equation'></tex><text name='Front'>Definizione di angolo da v e w</text><tex name='Equation Back'>\text{L'angolo tra } v,w \text{ è l'unico angolo } \alpha\in [0,\pi] \text{ t.c } \cos(\alpha)=\dfrac{<v,w>}{||v||_g\ ||w||_g}</tex><text name='Back'></text></card><card><tex name='Equation'></tex><text name='Front'>Definizione di distanza tra un vettore e un sottospazio</text><tex name='Equation Back'>\text{Dato W sottospazio di } (V,g) \text{ e } v\in V, \text{ definiamo la distanza tra } v \text{ e } W:\ d(v,W)=min_{(w\in W)}d(v,w)</tex><text name='Back'></text></card></cards></deck>